Id,Label
220.128.9.25,220.128.9.25
31.13.87.36,31.13.87.36
203.74.40.249,203.74.40.249
220.128.25.69,220.128.25.69
140.112.0.201,140.112.0.201
60.199.47.206,60.199.47.206
220.128.8.189,220.128.8.189
210.65.126.198,210.65.126.198
220.128.9.58,220.128.9.58
203.74.41.245,203.74.41.245
220.128.1.197,220.128.1.197
62.115.140.184,62.115.140.184
203.69.105.145,203.69.105.145
220.128.2.5,220.128.2.5
10.159.67.167,10.159.67.167
17.253.144.10,17.253.144.10
61.220.2.247,61.220.2.247
203.187.6.189,203.187.6.189
202.39.84.30,202.39.84.30
219.80.240.66,219.80.240.66
203.71.2.162,203.71.2.162
62.115.182.175,62.115.182.175
72.14.202.34,72.14.202.34
62.115.139.113,62.115.139.113
129.134.40.22,129.134.40.22
34.149.253.14,34.149.253.14
220.128.2.189,220.128.2.189
104.16.132.229,104.16.132.229
34.54.142.250,34.54.142.250
104.18.9.226,104.18.9.226
220.128.12.57,220.128.12.57
203.66.132.201,203.66.132.201
10.159.65.85,10.159.65.85
202.39.35.201,202.39.35.201
140.119.166.199,140.119.166.199
211.72.255.253,211.72.255.253
203.75.188.193,203.75.188.193
64.131.64.91,64.131.64.91
61.222.116.238,61.222.116.238
23.42.102.253,23.42.102.253
139.175.57.186,139.175.57.186
220.128.3.213,220.128.3.213
10.159.67.178,10.159.67.178
140.135.1.30,140.135.1.30
61.67.3.242,61.67.3.242
220.128.3.69,220.128.3.69
140.116.243.178,140.116.243.178
140.112.172.5,140.112.172.5
203.69.110.113,203.69.110.113
220.128.13.97,220.128.13.97
211.22.226.13,211.22.226.13
62.115.136.201,62.115.136.201
60.199.21.42,60.199.21.42
10.159.65.81,10.159.65.81
220.228.20.150,220.228.20.150
142.251.77.85,142.251.77.85
220.128.1.157,220.128.1.157
72.14.209.178,72.14.209.178
142.250.198.67,142.250.198.67
168.63.250.12,168.63.250.12
140.116.229.1,140.116.229.1
220.128.12.17,220.128.12.17
142.251.226.169,142.251.226.169
211.22.229.217,211.22.229.217
140.135.201.3,140.135.201.3
220.128.4.213,220.128.4.213
220.128.8.82,220.128.8.82
203.75.135.45,203.75.135.45
60.199.3.194,60.199.3.194
203.75.230.105,203.75.230.105
34.36.92.153,34.36.92.153
220.128.12.161,220.128.12.161
34.110.144.106,34.110.144.106
34.160.71.205,34.160.71.205
60.199.5.130,60.199.5.130
168.95.1.1,168.95.1.1
139.175.59.209,139.175.59.209
203.75.72.37,203.75.72.37
209.85.254.217,209.85.254.217
219.87.1.142,219.87.1.142
220.128.2.125,220.128.2.125
60.199.16.109,60.199.16.109
203.75.188.181,203.75.188.181
35.244.236.6,35.244.236.6
210.208.95.126,210.208.95.126
203.187.3.121,203.187.3.121
173.208.126.13,173.208.126.13
220.128.9.62,220.128.9.62
62.115.125.47,62.115.125.47
210.65.126.194,210.65.126.194
62.115.132.134,62.115.132.134
60.199.6.98,60.199.6.98
203.133.1.8,203.133.1.8
211.22.39.249,211.22.39.249
220.128.9.185,220.128.9.185
72.14.213.90,72.14.213.90
219.80.116.246,219.80.116.246
104.19.248.7,104.19.248.7
142.250.204.46,142.250.204.46
220.128.25.245,220.128.25.245
104.18.27.53,104.18.27.53
218.211.34.82,218.211.34.82
10.159.67.177,10.159.67.177
203.75.250.129,203.75.250.129
192.178.105.193,192.178.105.193
52.219.162.99,52.219.162.99
62.115.136.102,62.115.136.102
211.22.229.213,211.22.229.213
210.65.126.237,210.65.126.237
3.169.137.51,3.169.137.51
104.44.51.222,104.44.51.222
60.199.14.10,60.199.14.10
211.22.242.169,211.22.242.169
61.67.7.205,61.67.7.205
62.115.139.116,62.115.139.116
220.128.2.177,220.128.2.177
220.128.2.225,220.128.2.225
60.199.82.13,60.199.82.13
10.159.65.141,10.159.65.141
60.199.3.57,60.199.3.57
220.128.1.105,220.128.1.105
220.128.4.177,220.128.4.177
220.128.1.125,220.128.1.125
210.242.214.73,210.242.214.73
61.63.63.65,61.63.63.65
203.75.230.109,203.75.230.109
140.119.243.6,140.119.243.6
220.128.12.213,220.128.12.213
139.175.58.146,139.175.58.146
220.128.8.149,220.128.8.149
192.178.108.145,192.178.108.145
60.199.18.229,60.199.18.229
211.22.226.201,211.22.226.201
142.250.169.120,142.250.169.120
60.199.20.105,60.199.20.105
62.115.165.50,62.115.165.50
220.228.20.74,220.228.20.74
220.128.2.93,220.128.2.93
140.112.0.213,140.112.0.213
203.69.105.153,203.69.105.153
173.252.64.178,173.252.64.178
210.65.22.37,210.65.22.37
SOURCE,SOURCE
13.106.238.145,13.106.238.145
220.128.13.189,220.128.13.189
104.18.11.27,104.18.11.27
192.192.61.89,192.192.61.89
202.39.91.77,202.39.91.77
168.95.192.1,168.95.192.1
203.75.72.9,203.75.72.9
220.128.12.5,220.128.12.5
220.128.2.105,220.128.2.105
76.223.84.192,76.223.84.192
192.72.107.190,192.72.107.190
220.128.13.161,220.128.13.161
209.85.242.125,209.85.242.125
192.192.61.71,192.192.61.71
124.29.143.81,124.29.143.81
192.72.216.70,192.72.216.70
104.18.3.197,104.18.3.197
103.127.231.0,103.127.231.0
192.72.107.53,192.72.107.53
210.242.214.97,210.242.214.97
129.134.92.160,129.134.92.160
